ID,Count
1,501.9175720214844
2,100.61328125
3,147.73175048828125
4,182.27902221679688
5,395.52410888671875
6,7.5579400062561035
7,740.2998046875
8,217.06478881835938
9,139.6239471435547
10,801.6737670898438
11,183.09329223632812
12,46.83821105957031
13,2127.7099609375
14,490.51220703125
15,493.300048828125
16,23.38460922241211
17,44.98241424560547
18,829.614013671875
19,25.36862564086914
20,4155.8193359375
21,648.3421630859375
22,19.714448928833008
23,166.95272827148438
24,370.4127197265625
25,863.9298095703125
26,6.491518020629883
27,59.80641174316406
28,606.1281127929688
29,2193.998779296875
30,170.81246948242188
31,112.12776184082031
32,141.35321044921875
33,72.68634033203125
34,18.139575958251953
35,48.817543029785156
36,892.3217163085938
37,13.903491973876953
38,236.08273315429688
39,294.7790832519531
40,194.931640625
41,170.96420288085938
42,399.26727294921875
43,436.81414794921875
44,34.58158874511719
45,49.3232307434082
46,819.5675048828125
47,2056.900390625
48,52.11958312988281
49,3163.9609375
50,250.1985321044922
51,46.05241394042969
52,142.95068359375
53,34.707759857177734
54,254.80682373046875
55,5.532827377319336
56,38.72783279418945
57,194.9552764892578
58,364.06683349609375
59,8.923356056213379
60,167.21002197265625
61,1040.336669921875
62,249.59080505371094
63,362.89971923828125
64,214.19903564453125
65,272.7315673828125
66,1687.163330078125
67,106.78598022460938
68,654.9645385742188
69,177.9840087890625
70,111.64277648925781
71,323.37060546875
72,27.494338989257812
73,286.92919921875
74,35.04320526123047
75,34.104766845703125
76,334.3832702636719
77,474.6037292480469
78,1558.6878662109375
79,178.94052124023438
80,32.611175537109375
81,165.27993774414062
82,106.35777282714844
83,567.8731689453125
84,172.5921630859375
85,99.96704864501953
86,1524.0841064453125
87,284.78375244140625
88,36.713226318359375
89,6.046456336975098
90,34.08183288574219
91,33.75407409667969
92,15.945570945739746
93,315.9687805175781
94,509.181396484375
95,130.5831298828125
96,37.75486373901367
97,34.8553466796875
98,639.830322265625
99,29.91741180419922
100,50.277191162109375
101,49.137901306152344
102,29.25048065185547
103,36.15364074707031
104,29.956485748291016
105,10.456335067749023
106,116.32933807373047
107,111.06423950195312
108,61.33842086791992
109,643.809814453125
110,33.791839599609375
111,144.47085571289062
112,60.826080322265625
113,460.751220703125
114,207.78195190429688
115,2592.266357421875
116,147.10226440429688
117,46.96049499511719
118,330.23516845703125
119,975.017333984375
120,14.639325141906738
121,411.24639892578125
122,53.05742263793945
123,210.68170166015625
124,11.115259170532227
125,246.68600463867188
126,34.350433349609375
127,1409.9326171875
128,1514.95751953125
129,377.9298095703125
130,142.19989013671875
131,159.883056640625
132,22.531757354736328
133,93.93560791015625
134,296.8586730957031
135,270.8692321777344
136,80.40103149414062
137,71.1669921875
138,962.111572265625
139,150.01101684570312
140,119.05342102050781
141,2637.249267578125
142,169.02456665039062
143,312.1423034667969
144,36.28033447265625
145,87.54866790771484
146,30.63684844970703
147,33.84024429321289
148,40.47629165649414
149,11.088493347167969
150,160.69183349609375
151,182.96432495117188
152,272.41522216796875
153,12.309207916259766
154,7.275577545166016
155,573.766845703125
156,57.726295471191406
157,61.9690055847168
158,63.33086013793945
159,252.96115112304688
160,87.24470520019531
161,52.563323974609375
162,231.343017578125
163,70.28282165527344
164,593.52978515625
165,709.305419921875
166,68.88027954101562
167,384.56298828125
168,530.818603515625
169,31.30462074279785
170,495.92816162109375
171,36.05824661254883
172,23.241838455200195
173,277.2718505859375
174,406.79302978515625
175,140.90829467773438
176,102.889404296875
177,33.09585189819336
178,8.499285697937012
179,1756.8082275390625
180,82.21832275390625
181,10.683202743530273
182,456.60504150390625
183,162.72158813476562
184,224.7748565673828
185,81.57594299316406
186,15.372598648071289
187,35.44017791748047
188,26.293933868408203
189,41.38920593261719
190,336.3480224609375
191,158.09523010253906
192,309.924072265625
193,38.3575439453125
194,320.8228454589844
195,395.8597412109375
196,97.08081817626953
197,86.37159729003906
198,334.29296875
199,97.49765014648438
200,195.23678588867188
201,88.00047302246094
202,256.9150085449219
203,90.11797332763672
204,86.78904724121094
205,246.1783905029297
206,3830.1455078125
207,107.80164337158203
208,171.78915405273438
209,167.55960083007812
210,526.532958984375
211,101.54652404785156
212,13.3833646774292
213,528.5853271484375
214,127.70741271972656
215,203.11669921875
216,26.8333740234375
217,444.8843688964844
218,663.4219360351562
219,888.3609619140625
220,1241.9322509765625
221,25.01366424560547
222,344.55181884765625
223,146.418701171875
224,422.0945129394531
225,26.921865463256836
226,79.35994720458984
227,100.82244110107422
228,101.28681182861328
229,687.35205078125
230,309.6296081542969
231,269.69000244140625
232,146.8169403076172
233,89.70320129394531
234,175.86631774902344
235,492.8067932128906
236,293.53582763671875
237,66.11628723144531
238,105.94738006591797
239,162.35647583007812
240,1930.3233642578125
241,9.754583358764648
242,40.60353469848633
243,31.561697006225586
244,262.92449951171875
245,192.2788848876953
246,417.918701171875
247,235.83131408691406
248,41.3628044128418
249,169.9464874267578
250,154.92156982421875
251,339.60589599609375
252,30.533599853515625
253,338.7757263183594
254,82.3083267211914
255,80.22857666015625
256,501.6099853515625
257,160.56466674804688
258,47.46863555908203
259,115.59825897216797
260,13.033330917358398
261,4.9932169914245605
262,46.16992950439453
263,141.6122589111328
264,534.7391357421875
265,1063.9857177734375
266,119.61620330810547
267,111.67630004882812
268,16.952369689941406
269,1013.5844116210938
270,512.4105224609375
271,386.90496826171875
272,133.14035034179688
273,50.12767791748047
274,139.89309692382812
275,53.776145935058594
276,1236.12841796875
277,35.03339385986328
278,602.3968505859375
279,141.42587280273438
280,574.1072998046875
281,296.58026123046875
282,43.529884338378906
283,78.518310546875
284,28.832447052001953
285,315.1576232910156
286,18.156082153320312
287,214.63259887695312
288,163.61691284179688
289,89.4049072265625
290,352.4498596191406
291,82.19342041015625
292,42.2675895690918
293,26.882999420166016
294,65.12273406982422
295,31.819690704345703
296,41.82946014404297
297,105.10802459716797
298,455.27960205078125
299,177.59933471679688
300,182.69102478027344
301,189.89691162109375
302,37.28722381591797
303,130.63674926757812
304,523.9385986328125
305,438.65277099609375
306,4.557259559631348
307,579.02490234375
308,35.58919143676758
309,1343.9888916015625
310,54.365013122558594
311,56.0931510925293
312,31.325883865356445
313,329.9830627441406
314,24.933013916015625
315,1434.7928466796875
316,112.34432220458984
317,190.8485565185547
318,45.26862335205078
319,23.331100463867188
320,71.60188293457031
321,2686.81201171875
322,36.15038299560547
323,311.2626953125
324,71.67294311523438
325,121.68624877929688
326,127.2093734741211
327,88.0678939819336
328,69.1246566772461
329,626.0030517578125
330,706.1952514648438
331,10.996932983398438
332,834.0146484375
333,19.692752838134766
334,308.29632568359375
335,209.79437255859375
336,1284.1470947265625
337,109.18357849121094
338,1494.3316650390625
339,622.91259765625
340,197.21142578125
341,12.653918266296387
342,18.892902374267578
343,99.76036071777344
344,23.449115753173828
345,514.061279296875
346,72.4591064453125
347,391.40740966796875
348,286.5075988769531
349,69.0274887084961
350,610.6814575195312
351,262.82220458984375
352,36.24753189086914
353,81.75779724121094
354,279.2967529296875
355,27.351022720336914
356,47.55836486816406
357,646.6925048828125
358,235.67198181152344
359,14.181632041931152
360,501.40838623046875
361,636.99365234375
362,244.4080810546875
363,1370.68896484375
364,162.63316345214844
365,105.90230560302734
366,422.42156982421875
367,85.53395080566406
368,323.58526611328125
369,1254.8280029296875
370,166.990966796875
371,26.99059295654297
372,257.3115539550781
373,477.77099609375
374,131.60995483398438
375,162.08004760742188
376,338.9266357421875
377,497.3553466796875
378,151.81668090820312
379,81.6993408203125
380,3727.0546875
381,40.09787368774414
382,140.46652221679688
383,270.69854736328125
384,14.869216918945312
385,15.302960395812988
386,755.923583984375
387,50.500640869140625
388,342.8880615234375
389,323.35986328125
390,982.3543090820312
391,118.58355712890625
392,114.11872100830078
393,19.88219451904297
394,183.06268310546875
395,80.17219543457031
396,15.48109245300293
397,35.971458435058594
398,167.25521850585938
399,2451.030517578125
400,140.30596923828125
401,299.76312255859375
402,43.642417907714844
403,249.4085693359375
404,1188.411865234375
405,154.82778930664062
406,361.09857177734375
407,103.6250228881836
408,184.55572509765625
409,197.44558715820312
410,428.95416259765625
411,282.4087219238281
412,187.49734497070312
413,191.6158447265625
414,153.36227416992188
415,118.22512817382812
416,113.17280578613281
417,806.3045654296875
418,290.4454650878906
419,473.0106201171875
420,32.04814910888672
421,48.637794494628906
422,319.04180908203125
423,76.29103088378906
424,216.5885009765625
425,574.3121337890625
426,78.01351165771484
427,112.99834442138672
428,629.8621826171875
429,31.478673934936523
430,98.14506530761719
431,254.52255249023438
432,25.545391082763672
433,105.24824523925781
434,94.4293212890625
435,56.79573059082031
436,21.12225341796875
437,407.26141357421875
438,211.32354736328125
439,412.447509765625
440,196.31838989257812
441,67.98515319824219
442,242.79257202148438
443,50.548187255859375
444,118.34876251220703
445,85.15415954589844
446,1060.7816162109375
447,94.39153289794922
448,732.8845825195312
449,174.15997314453125
450,429.119873046875
451,6.79306173324585
452,381.0789489746094
453,12626.1142578125
454,447.91534423828125
455,157.84274291992188
456,40.237525939941406
457,3.465383291244507
458,230.76307678222656
459,285.68402099609375
460,299.6408996582031
461,7.052774906158447
462,55.03153991699219
463,1594.218017578125
464,5.83074951171875
465,92.38162231445312
466,30.62615394592285
467,18.47699737548828
468,6.5914411544799805
469,418.9873046875
470,37.47398376464844
471,441.0863037109375
472,896.0082397460938
473,24.228435516357422
474,7.767110347747803
475,60.87376403808594
476,64.60132598876953
477,230.93228149414062
478,128.13348388671875
479,392.51531982421875
480,133.57339477539062
481,210.84750366210938
482,36.220985412597656
483,899.2486572265625
484,179.47561645507812
485,59.60588836669922
486,597.3739013671875
487,23.853900909423828
488,83.41213989257812
489,83.35626220703125
490,354.9549865722656
491,38.85956573486328
492,186.07562255859375
493,19.357038497924805
494,172.90054321289062
495,39.15524673461914
496,91.49749755859375
497,599.6375122070312
498,4572.39208984375
499,155.50885009765625
500,39.31541442871094
501,30.254735946655273
502,61.68010330200195
503,154.5014190673828
504,135.62921142578125
505,42.034339904785156
506,520.5866088867188
507,351.27227783203125
508,423.28363037109375
509,18.5235652923584
510,77.25391387939453
511,487.8278503417969
512,76.38932800292969
513,22.36528968811035
514,33.646846771240234
515,712.93310546875
516,466.6495666503906
517,79.85151672363281
518,289.1855773925781
519,62.17866134643555
520,419.02606201171875
521,11.568449020385742
522,7.531115531921387
523,224.11593627929688
524,116.90845489501953
525,14.835476875305176
526,125.93113708496094
527,84.01214599609375
528,208.4160614013672
529,522.1021728515625
530,123.57235717773438
531,440.2128601074219
532,13.586036682128906
533,156.93478393554688
534,441.44720458984375
535,77.0509262084961
536,2.4135735034942627
537,818.1868896484375
538,4004.12744140625
539,118.28172302246094
540,1715.47265625
541,230.8195037841797
542,43.266639709472656
543,7.781830310821533
544,219.00308227539062
545,1680.484375
546,1327.145263671875
547,437.24505615234375
548,775.8924560546875
549,131.14273071289062
550,539.4495849609375
551,9.369717597961426
552,11.176259994506836
553,2712.498779296875
554,103.60943603515625
555,311.6868896484375
556,49.435813903808594
557,800.2308349609375
558,70.90963745117188
559,472.5986022949219
560,54.683685302734375
561,2692.87060546875
562,59.736881256103516
563,19.65713119506836
564,31.05559539794922
565,463.9434814453125
566,617.1273193359375
567,54.31494903564453
568,74.9850082397461
569,816.0326538085938
570,78.91944885253906
571,17.544843673706055
572,219.34140014648438
573,462.2688903808594
574,156.63351440429688
575,2241.9189453125
576,232.42605590820312
577,208.13174438476562
578,143.177490234375
579,163.07308959960938
580,106.3488998413086
581,851.259521484375
582,136.91262817382812
583,845.5386352539062
584,17.607925415039062
585,334.1500244140625
586,200.45965576171875
587,208.32533264160156
588,708.533935546875
589,56.35700225830078
590,2267.552734375
591,245.25820922851562
592,142.96780395507812
593,1406.613525390625
594,282.8998718261719
595,135.85089111328125
596,31.888473510742188
597,42.05527877807617
598,36.06044006347656
599,153.3909149169922
600,49.504730224609375
601,208.38290405273438
602,267.8534851074219
603,1643.879150390625
604,201.66650390625
605,235.67581176757812
606,116.76097106933594
607,46.04017639160156
608,42.91795349121094
609,32.34004211425781
610,147.81103515625
611,113.14341735839844
612,108.92186737060547
613,186.95980834960938
614,100.03620910644531
615,114.26529693603516
616,17.144180297851562
617,161.1630096435547
618,18.07243537902832
619,13.96122932434082
620,1507.3623046875
621,209.0131072998047
622,91.67036437988281
623,55.01118469238281
624,293.1048583984375
625,144.9741668701172
626,363.35955810546875
627,13.9403076171875
628,370.91925048828125
629,54.34957504272461
630,339.4129943847656
631,19.868804931640625
632,188.98944091796875
633,209.43771362304688
634,184.01702880859375
635,84.87908935546875
636,18.054811477661133
637,145.24676513671875
638,102.45843505859375
639,744.0830078125
640,622.3121337890625
641,26.3817138671875
642,431.5617980957031
643,58.698734283447266
644,149.69882202148438
645,723.266357421875
646,124.95575714111328
647,143.7928466796875
648,317.8871765136719
649,49.95262908935547
650,746.631103515625
651,36.14906311035156
652,116.73162841796875
653,37.10905075073242
654,341.43359375
655,8.691329002380371
656,88.51329040527344
657,496.0625
658,33.119686126708984
659,2858.91357421875
660,163.9043731689453
661,793.0718994140625
662,311.73846435546875
663,618.87939453125
664,4.095114231109619
665,355.8158264160156
666,55.264976501464844
667,59.468528747558594
668,378.5656433105469
669,498.2630615234375
670,128.90664672851562
671,8.788436889648438
672,94.17322540283203
673,39.377845764160156
674,134.941650390625
675,31.389606475830078
676,32.31633758544922
677,823.185302734375
678,230.9867706298828
679,39.179481506347656
680,207.04534912109375
681,53.96231460571289
682,142.38143920898438
683,45.17842483520508
684,108.88983917236328
685,1096.635009765625
686,74.48283386230469
687,14.087963104248047
688,36.07590103149414
689,38.509735107421875
690,1188.3408203125
691,36.94853973388672
692,271.6741638183594
693,185.66433715820312
694,131.77474975585938
695,63.25399398803711
696,75.98772430419922
697,36.63748550415039
698,565.0140991210938
699,4697.6787109375
700,26.853925704956055
701,18.944414138793945
702,202.4873809814453
703,140.29769897460938
704,11.140548706054688
705,384.0752258300781
706,124.99064636230469
707,82.96251678466797
708,2707.57470703125
709,12.749797821044922
710,17.917503356933594
711,265.9649658203125
712,73.18864440917969
713,330.960693359375
714,246.14300537109375
715,78.8722152709961
716,3533.654541015625
717,12.13882064819336
718,102.74871826171875
719,107.53102111816406
720,24.363433837890625
721,848.4389038085938
722,317.47369384765625
723,43.13054656982422
724,362.9124755859375
725,52.9260139465332
726,93.05583953857422
727,47.649940490722656
728,224.9256591796875
729,19.33521270751953
730,1949.9366455078125
731,12.379426956176758
732,13.178140640258789
733,26.066631317138672
734,485.03546142578125
735,63.15318298339844
736,399.75714111328125
737,51.117393493652344
738,136.8541717529297
739,46.614845275878906
740,218.97671508789062
741,337.8453674316406
742,918.8411865234375
743,32.78573989868164
744,44.54631042480469
745,143.60824584960938
746,103.30841827392578
747,1587.150146484375
748,238.4241485595703
749,409.86151123046875
750,690.2958374023438
751,356.76593017578125
752,53.02892303466797
753,69.85269165039062
754,4.600831985473633
755,145.90838623046875
756,114.64136505126953
757,153.67491149902344
758,616.031982421875
759,94.91856384277344
760,16.868816375732422
761,94.49977111816406
762,33.760162353515625
763,193.810546875
764,176.520263671875
765,129.07830810546875
766,41.10981369018555
767,110.43016052246094
768,1030.9622802734375
769,143.57904052734375
770,63.01271057128906
771,110.28370666503906
772,171.94891357421875
773,88.28478240966797
774,182.356201171875
775,10.032776832580566
776,228.28530883789062
777,161.10169982910156
778,127.62152862548828
779,186.06153869628906
780,69.36053466796875
781,24.14063262939453
782,232.49444580078125
783,41.67868423461914
784,73.7226333618164
785,939.9114990234375
786,58.00209045410156
787,59.8460807800293
788,152.9190673828125
789,180.54383850097656
790,848.265625
791,847.8953857421875
792,1152.956787109375
793,60.45089340209961
794,60.03474044799805
795,176.182373046875
796,2703.53271484375
797,251.6761474609375
798,6.122137069702148
799,134.8832550048828
800,84.49951171875
801,52.09962844848633
802,39.38407516479492
803,646.479736328125
804,1464.40771484375
805,147.9672088623047
806,80.51278686523438
807,137.7890625
808,1717.5667724609375
809,166.2949676513672
810,69.2319107055664
811,76.83228302001953
812,64.79360961914062
813,227.7656707763672
814,172.38449096679688
815,136.1099853515625
816,70.9200668334961
817,475.68682861328125
818,68.42086791992188
819,103.36857604980469
820,192.48428344726562
821,175.94296264648438
822,36.75465393066406
823,30.50324821472168
824,253.73797607421875
825,243.20004272460938
826,305.821533203125
827,479.9106140136719
828,4.900372505187988
829,408.3046569824219
830,24.5096435546875
831,575.533447265625
832,87.51307678222656
833,70.61009216308594
834,127.4239501953125
835,41.48628234863281
836,297.23480224609375
837,186.5458221435547
838,84.01107025146484
839,249.27685546875
840,395.32696533203125
841,243.81729125976562
842,480.6312561035156
843,17.74801254272461
844,31.66582679748535
845,118.91351318359375
846,72.14190673828125
847,119.17495727539062
848,26.758785247802734
849,279.1813659667969
850,77.955078125
851,794.9354858398438
852,225.58712768554688
853,69.0689697265625
854,32.098472595214844
855,513.3695678710938
856,42.3262825012207
857,27.96629524230957
858,81.23397064208984
859,362.76202392578125
860,95.5418701171875
861,290.9979553222656
862,51.75321960449219
863,424.65264892578125
864,151.11209106445312
865,1447.14501953125
866,540.771728515625
867,418.2567138671875
868,178.8492889404297
869,292.36090087890625
870,480.8082580566406
871,414.7482604980469
872,375.11590576171875
873,241.08409118652344
874,25.71146011352539
875,9.556602478027344
876,307.53594970703125
877,209.2127685546875
878,92.66576385498047
879,133.71511840820312
880,814.970947265625
881,1492.8818359375
882,45.92711639404297
883,149.42880249023438
884,608.5685424804688
885,16.55196189880371
886,585.72216796875
887,1075.6754150390625
888,4533.767578125
889,547.6707763671875
890,784.7763671875
891,35.41319274902344
892,507.3681335449219
893,483.184814453125
894,145.53721618652344
895,2626.711669921875
896,1329.304443359375
897,5583.7578125
898,12.30535888671875
899,870.7022705078125
900,96.83753967285156
901,230.440673828125
902,494.70050048828125
903,373.86492919921875
904,41.0372314453125
905,553.714599609375
906,185.88381958007812
907,251.69357299804688
908,50.35026168823242
909,267.34588623046875
910,176.40426635742188
911,880.2764282226562
912,176.743408203125
913,235.68231201171875
914,41.52109146118164
915,120.12358093261719
916,115.67645263671875
917,3.6335020065307617
918,90.3087158203125
919,67.35637664794922
920,1217.0701904296875
921,80.30776977539062
922,1869.2841796875
923,199.73507690429688
924,321.30206298828125
925,456.8209228515625
926,186.52523803710938
927,347.93292236328125
928,74.40424346923828
929,54.98609924316406
930,95.91631317138672
931,39.222373962402344
932,48.92562484741211
933,57.633750915527344
934,240.76548767089844
935,5405.7978515625
936,204.85403442382812
937,21.72130584716797
938,499.11865234375
939,145.07455444335938
940,73.75495147705078
941,776.1300048828125
942,138.546630859375
943,815.7702026367188
944,21.29710578918457
945,20.140357971191406
946,286.78436279296875
947,50.19129180908203
948,4364.14013671875
949,220.29852294921875
950,50.44298553466797
951,202.9495849609375
952,1370.903564453125
953,246.09158325195312
954,311.5812072753906
955,106.72431945800781
956,20.538970947265625
957,975.8388671875
958,161.12158203125
959,34.07028579711914
960,866.48291015625
961,63.95824432373047
962,121.72796630859375
963,240.24046325683594
964,147.470703125
965,45.495933532714844
966,67.61473083496094
967,425.3628845214844
968,451.36065673828125
969,222.810302734375
970,503.4264831542969
971,1221.61962890625
972,196.80599975585938
973,134.46743774414062
974,317.65167236328125
975,249.43209838867188
976,72.95793151855469
977,29.090137481689453
978,158.26571655273438
979,195.14964294433594
980,27.046031951904297
981,1375.7777099609375
982,33.20800018310547
983,1229.78857421875
984,927.165283203125
985,73.57306671142578
986,56.1165657043457
987,283.326171875
988,115.33653259277344
989,100.61277770996094
990,194.30712890625
991,164.15585327148438
992,220.08908081054688
993,235.57249450683594
994,693.5460205078125
995,2054.6298828125
996,12.585282325744629
997,24.078861236572266
998,203.10043334960938
999,25.776634216308594
1000,56.624114990234375
1001,168.01431274414062
1002,297.637939453125
1003,3325.077392578125
1004,453.6392822265625
1005,340.30279541015625
1006,70.98701477050781
1007,601.914794921875
1008,843.4049072265625
1009,784.9879760742188
1010,101.49015808105469
1011,400.4173583984375
1012,54.69761657714844
1013,103.97599792480469
1014,75.42505645751953
1015,2060.975830078125
1016,1089.927001953125
1017,443.161865234375
1018,146.24099731445312
1019,520.4847412109375
1020,1017.77880859375
1021,855.6204833984375
1022,160.5954132080078
1023,85.2356948852539
1024,923.6065673828125
1025,142.70703125
1026,177.24188232421875
1027,115.59837341308594
1028,992.8567504882812
1029,18.362590789794922
1030,453.83123779296875
1031,309.86077880859375
1032,337.38897705078125
1033,196.02975463867188
1034,570.5125732421875
1035,196.863037109375
1036,177.10630798339844
1037,35.115577697753906
1038,245.04193115234375
1039,534.1664428710938
1040,128.85125732421875
1041,142.333984375
1042,1612.360107421875
1043,24.750694274902344
1044,79.49275207519531
1045,494.01690673828125
1046,246.23533630371094
1047,197.0574188232422
1048,138.2156219482422
1049,131.34762573242188
1050,1590.3583984375
1051,35.857948303222656
1052,203.6215362548828
1053,92.90562438964844
1054,241.96029663085938
1055,65.20109558105469
1056,26.089323043823242
1057,184.0538787841797
1058,11.582120895385742
1059,589.624755859375
1060,272.3283996582031
1061,2354.1689453125
1062,540.84130859375
1063,34.45551681518555
1064,128.91368103027344
1065,200.64935302734375
1066,106.09637451171875
1067,39.32120895385742
1068,195.52159118652344
1069,23.500654220581055
1070,65.95219421386719
1071,302.0169372558594
1072,159.52621459960938
1073,209.41824340820312
1074,53.480384826660156
1075,65.9932861328125
1076,80.59768676757812
1077,20.542367935180664
1078,61.02537536621094
1079,1733.5994873046875
1080,504.6710205078125
1081,536.77197265625
1082,110.8936538696289
1083,232.30108642578125
1084,616.9664916992188
1085,152.0166473388672
1086,381.456787109375
1087,2242.47119140625
1088,159.96926879882812
1089,37.064727783203125
1090,7.393550872802734
1091,183.91653442382812
1092,1214.21826171875
1093,2740.23779296875
1094,211.28138732910156
1095,25.011714935302734
1096,2034.40576171875
1097,223.76487731933594
1098,35.84598922729492
1099,170.98931884765625
1100,38.64338684082031
1101,148.72532653808594
1102,20.618173599243164
1103,232.482666015625
1104,40.34718322753906
1105,194.18650817871094
1106,655.670166015625
1107,104.09706115722656
1108,15.348971366882324
1109,74.64669036865234
1110,1542.5419921875
1111,48.695274353027344
1112,291.1908264160156
1113,67.60755920410156
1114,47.89054489135742
1115,5048.767578125
1116,52.28648376464844
1117,201.75521850585938
1118,58.009368896484375
1119,35.27092742919922
1120,53.457000732421875
1121,473.162353515625
1122,157.92071533203125
1123,122.12165832519531
1124,21.650348663330078
1125,34.93975830078125
1126,2063.426025390625
1127,41.810577392578125
1128,9.811184883117676
1129,873.3992919921875
1130,104.0224609375
1131,64.99827575683594
1132,49.939117431640625
1133,488.99017333984375
1134,30.66944122314453
1135,62.72222900390625
1136,133.84140014648438
1137,21.45297622680664
1138,971.8934936523438
1139,35.95395278930664
1140,690.8563842773438
1141,1990.4720458984375
1142,51.91615295410156
1143,570.496337890625
1144,177.58132934570312
1145,729.2029418945312
1146,237.83837890625
1147,243.40411376953125
1148,1527.6331787109375
1149,159.91262817382812
1150,20.250720977783203
1151,15.582843780517578
1152,217.4861297607422
1153,16.80099868774414
1154,2376.5986328125
1155,111.5014877319336
1156,20.726606369018555
1157,11.733829498291016
1158,241.60897827148438
1159,188.37542724609375
1160,132.32029724121094
1161,1341.785888671875
1162,259.0799255371094
1163,23.440235137939453
1164,3035.98876953125
1165,23.500574111938477
1166,372.35272216796875
1167,273.4531555175781
1168,8.176916122436523
1169,35.143653869628906
1170,341.74884033203125
1171,2172.4619140625
1172,64.1822280883789
1173,524.4004516601562
1174,115.98597717285156
1175,46.10746765136719
1176,231.00259399414062
1177,321.671875
1178,43.34330749511719
1179,21.80776596069336
1180,79.77789306640625
1181,164.72164916992188
1182,103.25701904296875
1183,334.5923767089844
1184,168.32962036132812
1185,322.76019287109375
1186,88.68728637695312
1187,48.2952766418457
1188,303.2091064453125
1189,136.84820556640625
1190,1185.9796142578125
1191,57.739585876464844
1192,262.10272216796875
1193,5.500489234924316
1194,140.11402893066406
1195,1336.71142578125
1196,689.334716796875
1197,132.83444213867188
1198,6.512384414672852
1199,263.3876647949219
1200,46.752281188964844
1201,49.49036407470703
1202,178.2472381591797
1203,2579.02294921875
1204,104.07953643798828
1205,25.198444366455078
1206,366.25494384765625
1207,5020.3740234375
1208,16.30173110961914
1209,192.76193237304688
1210,93.76298522949219
1211,74.6387939453125
1212,306.52569580078125
1213,2674.449951171875
1214,30.41559600830078
1215,998.258544921875
1216,176.1341552734375
1217,246.46803283691406
1218,45.338722229003906
1219,189.00119018554688
1220,43.67656707763672
1221,2042.451416015625
1222,65.30683135986328
1223,1407.405517578125
1224,174.00286865234375
1225,112.33554077148438
1226,20.041332244873047
1227,282.17236328125
1228,2153.6162109375
1229,490.417724609375
1230,11.16822624206543
1231,1250.6165771484375
1232,149.45327758789062
1233,15.991666793823242
1234,7.750253200531006
1235,38.311302185058594
1236,152.99830627441406
1237,37.24633026123047
1238,86.21076965332031
1239,345.051513671875
1240,118.29519653320312
1241,23.048131942749023
1242,1279.884033203125
1243,117.05364990234375
1244,95.70071411132812
1245,51.24397277832031
1246,256.4089050292969
1247,122.2639389038086
1248,407.5348205566406
1249,211.68035888671875
1250,988.0841064453125
1251,533.8836669921875
1252,62.78254699707031
1253,124.1589126586914
1254,71.43234252929688
1255,132.30154418945312
1256,44.67258071899414
1257,255.02395629882812
1258,63.591609954833984
1259,3.043367385864258
1260,18.948593139648438
1261,525.6912841796875
1262,4.655879020690918
1263,190.26626586914062
1264,1169.338134765625
1265,19.481548309326172
1266,120.23429107666016
1267,155.27883911132812
1268,10.727924346923828
1269,439.26934814453125
1270,358.8068542480469
1271,100.78923034667969
1272,382.296630859375
1273,144.77671813964844
1274,205.2333984375
1275,98.32652282714844
1276,5.563299179077148
1277,316.0411682128906
1278,155.84983825683594
1279,268.6441955566406
1280,33.91380310058594
1281,41.657474517822266
1282,60.913387298583984
1283,82.19529724121094
1284,89.1699447631836
1285,261.8315124511719
1286,511.2450256347656
1287,295.346435546875
1288,20.082923889160156
1289,235.4469757080078
1290,64.45155334472656
1291,4491.7021484375
1292,9.26170825958252
1293,231.9908447265625
1294,373.604736328125
1295,323.51129150390625
1296,320.4547119140625
1297,2063.326171875
1298,128.7959442138672
1299,298.4100036621094
1300,24.340818405151367
1301,4.202755451202393
1302,128.8250732421875
1303,193.88632202148438
1304,83.71052551269531
1305,35.94755172729492
1306,186.09890747070312
1307,102.17164611816406
1308,2401.190673828125
1309,217.69744873046875
1310,77.69190979003906
1311,202.21434020996094
1312,1241.44384765625
1313,688.2048950195312
1314,149.00367736816406
1315,41.069549560546875
1316,15.127494812011719
1317,389.0694885253906
1318,811.3082885742188
1319,9.149934768676758
1320,32.891456604003906
1321,138.90159606933594
1322,144.32931518554688
1323,29.85379409790039
1324,196.9526824951172
1325,57.49333572387695
1326,98.332275390625
1327,103.9547119140625
1328,51.96394348144531
1329,639.13330078125
1330,50.1424446105957
1331,56.84334182739258
1332,49.04303741455078
1333,463.80535888671875
1334,108.89466857910156
1335,28.753761291503906
1336,250.73651123046875
1337,158.23486328125
1338,69.57086181640625
1339,1397.417236328125
1340,65.78459167480469
1341,1446.777587890625
1342,131.81646728515625
1343,27.91218376159668
1344,195.6147918701172
1345,194.87454223632812
1346,936.7867431640625
1347,1112.0172119140625
1348,430.1372985839844
1349,5.487722396850586
1350,95.49732208251953
1351,128.36097717285156
1352,808.4147338867188
1353,178.59161376953125
1354,335.3108825683594
1355,937.6884765625
1356,140.6369171142578
1357,2216.0576171875
1358,56.926780700683594
1359,41.2341423034668
1360,101.30581665039062
1361,181.03855895996094
1362,613.1229858398438
1363,125.38655090332031
1364,305.00579833984375
1365,48.04051208496094
1366,1961.38037109375
1367,90.44441223144531
1368,317.90203857421875
1369,24.866058349609375
1370,920.8505249023438
1371,12.786752700805664
1372,34.714012145996094
1373,59.8807258605957
1374,167.49913024902344
1375,248.2016143798828
1376,82.59046936035156
1377,142.18704223632812
1378,41.56110382080078
1379,256.81201171875
1380,141.3260040283203
1381,17.540061950683594
1382,269.8907165527344
1383,1157.671630859375
1384,896.4127807617188
1385,564.1727294921875
1386,142.11619567871094
1387,295.1221923828125
1388,82.1883773803711
1389,313.9805908203125
1390,329.14593505859375
1391,72.14010620117188
1392,113.47154235839844
1393,326.9869079589844
1394,183.87025451660156
1395,682.6488647460938
1396,14.162454605102539
1397,110.8270263671875
1398,26.639907836914062
1399,1503.773193359375
1400,339.6237487792969
1401,116.22352600097656
1402,109.92024993896484
1403,140.4514617919922
1404,214.25537109375
1405,2033.05810546875
1406,20.047632217407227
1407,91.33973693847656
1408,1258.912353515625
1409,70.08746337890625
1410,79.92001342773438
1411,99.54924774169922
1412,2330.4609375
1413,336.2859191894531
1414,170.71343994140625
1415,13.805731773376465
1416,386.0220947265625
1417,66.83998107910156
1418,127.55068969726562
1419,292.34906005859375
1420,34.359561920166016
1421,24.978721618652344
1422,181.94833374023438
1423,77.39997863769531
1424,720.4515991210938
1425,94.28392791748047
1426,18.13863182067871
1427,153.8015594482422
1428,98.640380859375
1429,348.36138916015625
1430,78.56910705566406
1431,206.4383544921875
1432,805.3577880859375
1433,499.6270446777344
1434,54.8934326171875
1435,71.69154357910156
1436,3374.65185546875
1437,4.76742696762085
1438,142.26699829101562
1439,49.84065628051758
1440,46.087032318115234
1441,108.9105224609375
1442,630.8025512695312
1443,294.8036804199219
1444,8.863442420959473
1445,274.5322265625
1446,288.30096435546875
1447,469.8216552734375
1448,1078.5828857421875
1449,101.4932632446289
1450,35.92649459838867
1451,455.14825439453125
1452,115.74958801269531
1453,146.162109375
1454,1126.7607421875
1455,25.519775390625
1456,806.838134765625
1457,109.89532470703125
1458,21.937711715698242
1459,50.49986267089844
1460,123.84965515136719
1461,425.05975341796875
1462,63.282676696777344
1463,437.0440673828125
1464,1039.5087890625
1465,312.2181701660156
1466,2317.927490234375
1467,448.2313537597656
1468,456.03765869140625
1469,48.623008728027344
1470,54.34434509277344
1471,417.5897216796875
1472,34.45707702636719
1473,102.09542846679688
1474,179.02357482910156
1475,46.50481414794922
1476,572.544677734375
1477,85.50485229492188
1478,144.01332092285156
1479,35.8150749206543
1480,434.7947692871094
1481,756.4990844726562
1482,18.717674255371094
1483,29.3714599609375
1484,182.0634765625
1485,58.50794982910156
1486,47.02994918823242
1487,157.5888671875
1488,25.177780151367188
1489,112.72438049316406
1490,162.44711303710938
1491,21.354106903076172
1492,114.28760528564453
1493,41.63312911987305
1494,78.32533264160156
1495,288.02923583984375
1496,217.25509643554688
1497,640.8037109375
1498,205.69284057617188
1499,5571.0068359375
1500,1295.3929443359375
1501,58.934120178222656
1502,220.5086669921875
1503,475.9527587890625
1504,381.489990234375
1505,168.37057495117188
1506,239.83486938476562
1507,229.90496826171875
1508,226.81007385253906
1509,167.2193603515625
1510,28.126968383789062
1511,800.4344482421875
1512,69.19577026367188
1513,33.282630920410156
1514,169.73855590820312
1515,509.9941711425781
1516,100.78490447998047
1517,1368.327880859375
1518,328.72711181640625
1519,32.299171447753906
1520,1478.0338134765625
1521,94.25274658203125
1522,947.533935546875
1523,7.531293869018555
1524,1021.4949951171875
1525,10.230035781860352
1526,9.84941577911377
1527,108.7098617553711
1528,89.2919692993164
1529,245.3502197265625
1530,184.44931030273438
1531,80.89663696289062
1532,11.686227798461914
1533,237.92129516601562
1534,202.70359802246094
1535,550.2847290039062
1536,55.87953186035156
1537,30.550445556640625
1538,204.889404296875
1539,421.8340759277344
1540,38.47460174560547
1541,897.2596435546875
1542,49.47178649902344
1543,227.13800048828125
1544,22.75981903076172
1545,196.52761840820312
1546,17.776813507080078
1547,179.38534545898438
1548,95.56082916259766
1549,122.69326782226562
1550,363.78802490234375
1551,2041.8046875
1552,16.967552185058594
1553,112.45903015136719
1554,350.93377685546875
1555,99.31729888916016
1556,108.97221374511719
1557,149.7543487548828
1558,2270.198974609375
1559,2073.099365234375
1560,210.55772399902344
1561,498.7821960449219
1562,30.687028884887695
1563,744.0230712890625
1564,64.2674789428711
1565,30.148202896118164
1566,9.315951347351074
1567,331.659912109375
1568,2477.701171875
1569,274.035888671875
1570,17.48041534423828
1571,1826.758544921875
1572,57.90528869628906
1573,16.85068702697754
1574,402.24481201171875
1575,80.51626586914062
1576,13.031455993652344
1577,448.8223876953125
1578,142.66371154785156
1579,330.87078857421875
1580,24.97076416015625
1581,624.1290283203125
1582,49.66654968261719
1583,147.96609497070312
1584,111.07521057128906
1585,14.874710083007812
1586,38.97154235839844
1587,164.05404663085938
1588,181.1076202392578
1589,38.26457977294922
1590,198.87550354003906
1591,829.92138671875
1592,86.89925384521484
1593,422.3160400390625
1594,39.648868560791016
1595,120.97738647460938
1596,136.33326721191406
1597,49.70179748535156
1598,173.1420440673828
1599,117.65232849121094
1600,39.23517608642578
1601,10.521973609924316
1602,31.253015518188477
1603,1320.87109375
1604,81.28502655029297
1605,52.50786590576172
1606,351.33135986328125
1607,97.743408203125
1608,641.3333740234375
1609,815.7259521484375
1610,1530.4619140625
1611,139.63009643554688
1612,173.62525939941406
1613,166.6699676513672
1614,7.27064323425293
1615,537.306640625
1616,94.74102020263672
1617,99.37802124023438
1618,96.00527954101562
1619,1384.049560546875
1620,203.17095947265625
1621,82.99957275390625
1622,1073.8746337890625
1623,211.59274291992188
1624,35.7529296875
1625,100.11076354980469
1626,651.37158203125
1627,1090.835693359375
1628,143.40219116210938
1629,85.1767349243164
1630,903.2742919921875
1631,889.02197265625
1632,1163.20361328125
1633,167.91864013671875
1634,170.68826293945312
1635,49.11528015136719
1636,23.041332244873047
1637,278.25384521484375
1638,46.55633544921875
1639,499.38739013671875
1640,488.553955078125
1641,2893.59619140625
1642,116.14742279052734
1643,586.0092163085938
1644,95.0382080078125
1645,2914.7626953125
1646,210.83572387695312
1647,284.51885986328125
1648,290.34503173828125
1649,8.276300430297852
1650,32.36918640136719
1651,103.22647094726562
1652,67.81909942626953
1653,114.35757446289062
1654,539.2335815429688
1655,110.70904541015625
1656,515.2659912109375
1657,90.87295532226562
1658,18.167688369750977
1659,3.227320432662964
1660,34.79347229003906
1661,228.52096557617188
1662,521.8084716796875
1663,101.25581359863281
1664,33.223201751708984
1665,972.146240234375
1666,178.01571655273438
1667,56.07161331176758
1668,187.3114013671875
1669,196.50537109375
1670,74.15071105957031
1671,94.60552215576172
1672,88.24153900146484
1673,448.1607666015625
1674,20.77269744873047
1675,136.84930419921875
1676,326.79547119140625
1677,695.8237915039062
1678,322.74005126953125
1679,530.3731079101562
1680,189.644775390625
1681,22.159215927124023
1682,194.39163208007812
1683,307.3428955078125
1684,123.57754516601562
1685,73.79118347167969
1686,35.93071365356445
1687,68.29747009277344
1688,453.31634521484375
1689,7.274136543273926
1690,88.01837158203125
1691,377.1494140625
1692,285.70794677734375
1693,202.8031463623047
1694,994.67919921875
1695,64.29131317138672
1696,226.37234497070312
1697,63.58506774902344
1698,62.66244125366211
1699,687.912353515625
1700,21.55661964416504
1701,78.9021987915039
1702,51.22596740722656
1703,2762.8505859375
1704,302.54937744140625
1705,24.191530227661133
1706,10.683993339538574
1707,104.25735473632812
1708,134.65127563476562
1709,4111.41748046875
1710,1879.85302734375
1711,744.1190185546875
1712,1344.7672119140625
1713,90.11563110351562
1714,414.441162109375
1715,115.8667984008789
1716,59.94770050048828
1717,226.15931701660156
1718,143.8919677734375
1719,103.89480590820312
1720,98.15526580810547
1721,990.2880859375
1722,9.964029312133789
1723,172.15283203125
1724,2656.642822265625
1725,48.91542053222656
1726,93.55024719238281
1727,88.48040771484375
1728,51.006492614746094
1729,101.49944305419922
1730,1589.5819091796875
1731,9.56190013885498
1732,113.1041259765625
1733,71.9295883178711
1734,81.3048095703125
1735,313.1067810058594
1736,140.62086486816406
1737,775.5186767578125
1738,274.2607116699219
1739,66.28153228759766
1740,229.16139221191406
1741,162.07369995117188
1742,272.2911682128906
1743,71.55064392089844
1744,365.17041015625
1745,425.7196960449219
1746,15902.8603515625
1747,41.13785171508789
1748,417.8451232910156
1749,62.31040954589844
1750,14.764567375183105
1751,225.41041564941406
1752,7.520583629608154
1753,40.91246795654297
1754,111.63984680175781
1755,303.16436767578125
1756,126.04894256591797
1757,411.3302307128906
1758,51.76106262207031
1759,1034.4461669921875
1760,61.39780807495117
1761,23.616714477539062
1762,6418.0712890625
1763,49.347129821777344
1764,1386.92041015625
1765,238.573486328125
1766,22.627288818359375
1767,22.8839054107666
1768,822.7940673828125
1769,66.1311264038086
1770,178.4358673095703
1771,243.53858947753906
1772,233.40097045898438
